<?xml version="1.0"  encoding="ISO-8859-1"?>
<!DOCTYPE Configure PUBLIC
 "-//Mort Bay Consulting//DTD Configure 1.2//EN"
 "http://jetty.mortbay.org/configure_1_2.dtd">

<Configure class="org.mortbay.jetty.Server">

    <!-- debug options -->
    <Set name="Debug" class="org.mortbay.util.Code" type="boolean">true</Set>
    <Set name="Verbose" class="org.mortbay.util.Code" type="int">1</Set>
    <Set name="DebugPatterns" class="org.mortbay.util.Code" type="String">main,org.mortbay.http,org.apache.jasper</Set>

    <!-- Logging - forward the log calls to JDK 1.4 logging -->
    <Call name="instance" class="org.mortbay.util.Log">
        <Call name="disableLog"/>
        <Call name="add">
            <Arg>
                <New class="org.mortbay.util.LoggerLogSink">
                    <Call name="start"/>
                </New>
            </Arg>
        </Call>
    </Call>

    <!--- HTTP listener -->
    <Call name="addListener">
        <Arg>
            <New class="org.mortbay.http.SocketListener">
                <Set name="Port">
                    <SystemProperty name="jetty.port" default="8080"/>
                </Set>
                <Set name="MinThreads">5</Set>
                <Set name="MaxThreads">255</Set>
                <Set name="MaxIdleTimeMs">30000</Set>
                <Set name="LowResourcePersistTimeMs">5000</Set>
            </New>
        </Arg>
    </Call>

    <!--- HTTPS listener -->
<!--
    <Call name="addListener">
        <Arg>
            <New class="org.mortbay.http.SunJsseListener">
                <Set name="Port">
                    <SystemProperty name="jetty.port" default="9091"/>
                </Set>
                <Set name="MinThreads">5</Set>
                <Set name="MaxThreads">255</Set>
                <Set name="MaxIdleTimeMs">30000</Set>
                <Set name="LowResourcePersistTimeMs">5000</Set>
                <Set name="Keystore"><SystemProperty name="jmanage.root"/>/config/keystore</Set>
                <Set name="Password">password</Set>
                <Set name="KeyPassword">password</Set>
            </New>
        </Arg>
    </Call>
-->
    <!-- jManage web application -->
    <Call name="addWebApplication">
        <Arg>/</Arg>
        <Arg>
            <SystemProperty name="jmanage.root"/>/web
        </Arg>
        <Set name="ClassLoaderJava2Compliant">true</Set>
    </Call>
</Configure>