<dashboard id="jvmSummary" name="JVM Summary" template="/dashboard/jvmSummary.jsp">
 <qualifications comment="defines what type of applications qualify for this dashboard">
  <qualifier class="org.jmanage.webui.dashboard.qualifiers.Java5DashboardQualifier">
     <property name="mbean" value="java.lang:type=Runtime"/>
     <property name="attribute" value="VmVersion"/>
  </qualifier>
 </qualifications>
 <components>
  <component id="com1" class="org.jmanage.webui.dashboard.components.MBeanAttributeValue" name="Single attribute value" refreshInterval="5000">
     <property name="mbean" value="java.lang:type=Runtime"/>
     <property name="attribute" value="Uptime"/>
     <property name="displayName" value="App up time (milliseconds)"/>
  </component>
 </components>
</dashboard>